date,maximum,week
1939-09-01,12.3,False
1939-09-02,10.6,False
1939-09-03,11.1,False
1939-09-04,12.1,False
1939-09-05,12.5,False
1939-09-06,14.4,False
1939-09-07,17.4,False
1939-09-08,19.1,False
1939-09-09,13.8,False
1939-09-10,12.9,False
1939-09-11,8.6,False
1939-09-12,11.1,False
1939-09-13,15.6,False
1939-09-14,17.2,False
1939-09-15,18.4,False
1939-09-16,20.2,False
1939-09-17,21.6,False
1939-09-18,19.2,False
1939-09-19,18.1,False
1939-09-20,15.6,False
1939-09-21,11.1,False
1939-09-22,14.0,False
1939-09-23,18.7,False
1939-09-24,21.3,False
1939-09-25,20.0,False
1939-09-26,18.4,False
1939-09-27,17.0,False
1939-09-28,12.4,False
1939-09-29,14.0,False
1939-09-30,16.7,False
1940-09-01,17.7,False
1940-09-02,14.9,False
1940-09-03,11.2,False
1940-09-04,13.9,False
1940-09-05,17.8,False
1940-09-06,21.8,False
1940-09-07,23.1,False
1940-09-08,18.7,False
1940-09-09,15.4,False
1940-09-10,16.3,False
1940-09-11,19.8,False
1940-09-12,21.8,False
1940-09-13,12.8,False
1940-09-14,13.3,False
1940-09-15,14.9,False
1940-09-16,16.4,False
1940-09-17,18.2,False
1940-09-18,20.2,False
1940-09-19,19.9,False
1940-09-20,17.4,False
1940-09-21,19.6,False
1940-09-22,10.4,False
1940-09-23,18.2,False
1940-09-24,20.2,False
1940-09-25,22.8,False
1940-09-26,23.7,False
1940-09-27,16.1,False
1940-09-28,14.8,False
1940-09-29,10.2,False
1941-09-01,16.6,False
1941-09-02,17.3,False
1941-09-03,15.1,False
1941-09-04,11.7,False
1941-09-05,11.7,False
1941-09-06,11.6,False
1941-09-07,16.2,False
1941-09-08,22.2,False
1941-09-09,15.8,False
1941-09-10,10.0,False
1941-09-11,10.8,False
1941-09-12,16.3,False
1941-09-13,16.3,False
1941-09-14,17.7,False
1941-09-15,18.0,False
1941-09-16,12.7,False
1941-09-17,16.0,False
1941-09-18,18.0,False
1941-09-19,20.1,False
1941-09-20,22.8,False
1941-09-21,23.9,False
1941-09-22,20.6,False
1941-09-23,13.6,False
1941-09-24,14.9,False
1941-09-25,13.3,False
1941-09-26,16.4,False
1941-09-27,23.2,False
1941-09-28,19.6,False
1941-09-29,13.8,False
1941-09-30,14.1,False
1942-09-01,8.0,False
1942-09-02,11.1,False
1942-09-03,12.8,False
1942-09-04,14.8,False
1942-09-05,16.3,False
1942-09-06,12.5,False
1942-09-07,13.0,False
1942-09-08,16.3,False
1942-09-09,16.7,False
1942-09-10,17.1,False
1942-09-11,16.6,False
1942-09-12,13.4,False
1942-09-13,12.5,False
1942-09-14,15.5,False
1942-09-15,21.0,False
1942-09-16,14.6,False
1942-09-17,11.4,False
1942-09-18,14.7,False
1942-09-19,16.0,False
1942-09-20,17.5,False
1942-09-21,14.9,False
1942-09-22,13.4,False
1942-09-23,9.3,False
1942-09-24,12.3,False
1942-09-25,15.1,False
1942-09-26,17.8,False
1942-09-27,20.7,False
1942-09-28,19.9,False
1942-09-29,21.0,False
1942-09-30,21.9,False
1943-09-01,14.9,False
1943-09-02,14.4,False
1943-09-03,12.0,False
1943-09-04,12.7,False
1943-09-05,12.4,False
1943-09-06,13.8,False
1943-09-07,11.4,False
1943-09-08,17.4,False
1943-09-09,15.6,False
1943-09-10,18.2,False
1943-09-11,15.7,False
1943-09-12,10.4,False
1943-09-13,8.9,False
1943-09-14,9.9,False
1943-09-15,10.8,False
1943-09-16,13.8,False
1943-09-17,9.6,False
1943-09-18,9.1,False
1943-09-19,13.7,False
1943-09-20,17.5,False
1943-09-21,14.0,False
1943-09-22,11.2,False
1943-09-23,14.8,False
1943-09-24,15.8,False
1943-09-25,14.2,False
1943-09-26,17.7,False
1943-09-27,15.7,False
1943-09-28,18.2,False
1943-09-29,12.9,False
1944-09-01,16.6,False
1944-09-02,17.5,False
1944-09-03,18.7,False
1944-09-04,15.3,False
1944-09-05,17.1,False
1944-09-06,19.4,False
1944-09-07,19.6,False
1944-09-08,20.3,False
1944-09-09,15.3,False
1944-09-10,13.8,False
1944-09-11,14.8,False
1944-09-12,14.4,False
1944-09-13,17.7,False
1944-09-14,15.5,False
1944-09-15,13.1,False
1944-09-16,7.8,False
1944-09-17,12.3,False
1944-09-18,16.1,False
1944-09-19,18.9,False
1944-09-20,20.4,False
1944-09-21,20.1,False
1944-09-22,19.3,False
1944-09-23,21.3,False
1944-09-24,21.1,False
1944-09-25,23.4,False
1944-09-26,24.6,False
1944-09-27,22.4,False
1944-09-28,15.9,False
1944-09-29,22.2,False
1944-09-30,23.8,False
1945-09-01,9.2,False
1945-09-02,13.3,False
1945-09-03,15.0,False
1945-09-04,8.9,False
1945-09-05,10.9,False
1945-09-06,12.1,False
1945-09-07,12.3,False
1945-09-08,13.4,False
1945-09-09,18.3,False
1945-09-10,20.4,False
1945-09-11,20.6,False
1945-09-12,18.6,False
1945-09-13,18.2,False
1945-09-14,17.0,False
1945-09-15,15.0,False
1945-09-16,15.6,False
1945-09-17,17.2,False
1945-09-18,18.1,False
1945-09-19,19.3,False
1945-09-20,17.8,False
1945-09-21,14.3,False
1945-09-22,12.2,False
1945-09-23,12.9,False
1945-09-24,14.6,False
1945-09-25,16.1,False
1945-09-26,13.2,False
1945-09-27,12.7,False
1945-09-28,18.2,False
1945-09-29,21.6,False
1945-09-30,15.0,False
1946-09-01,14.0,False
1946-09-02,14.4,False
1946-09-03,14.0,False
1946-09-04,16.2,False
1946-09-05,16.2,False
1946-09-06,12.6,False
1946-09-07,13.9,False
1946-09-08,16.7,False
1946-09-09,18.2,False
1946-09-10,22.9,False
1946-09-11,24.6,False
1946-09-12,21.9,False
1946-09-13,20.1,False
1946-09-14,15.4,False
1946-09-15,15.5,False
1946-09-16,19.6,False
1946-09-17,15.4,False
1946-09-18,17.9,False
1946-09-19,17.7,False
1946-09-20,19.2,False
1946-09-21,15.8,False
1946-09-22,12.3,False
1946-09-23,14.3,False
1946-09-24,12.2,False
1946-09-25,15.2,False
1946-09-26,14.1,False
1946-09-27,17.9,False
1946-09-28,17.9,False
1946-09-29,14.7,False
1946-09-30,14.7,False
1947-09-01,12.9,False
1947-09-02,8.8,False
1947-09-04,13.4,False
1947-09-05,13.3,False
1947-09-06,15.7,False
1947-09-07,16.4,False
1947-09-08,13.7,False
1947-09-09,13.3,False
1947-09-10,13.4,False
1947-09-11,17.5,False
1947-09-12,17.8,False
1947-09-13,20.1,False
1947-09-14,21.4,False
1947-09-15,21.9,False
1947-09-16,12.9,False
1947-09-17,14.0,False
1947-09-18,16.3,False
1947-09-19,16.7,False
1947-09-20,17.3,False
1947-09-21,17.8,False
1947-09-22,18.4,False
1947-09-23,21.1,False
1947-09-24,14.2,False
1947-09-25,17.4,False
1947-09-26,17.1,False
1947-09-27,17.2,False
1947-09-28,18.6,False
1947-09-29,15.6,False
1947-09-30,13.7,False
1948-09-01,11.1,False
1948-09-02,9.4,False
1948-09-03,12.8,False
1948-09-04,12.1,False
1948-09-05,12.8,False
1948-09-06,14.5,False
1948-09-07,17.1,False
1948-09-08,24.9,False
1948-09-09,14.4,False
1948-09-10,16.4,False
1948-09-11,17.4,False
1948-09-12,18.1,False
1948-09-13,19.9,False
1948-09-14,19.1,False
1948-09-15,19.4,False
1948-09-16,13.1,False
1948-09-17,14.6,False
1948-09-18,16.3,False
1948-09-19,19.3,False
1948-09-20,17.8,False
1948-09-21,18.6,False
1948-09-22,21.3,False
1948-09-23,12.3,False
1948-09-24,14.8,False
1948-09-25,16.5,False
1948-09-26,19.4,False
1948-09-27,18.3,False
1948-09-28,14.7,False
1948-09-29,17.8,False
1948-09-30,21.4,False
1949-09-01,17.1,False
1949-09-02,19.0,False
1949-09-03,18.3,False
1949-09-04,14.9,False
1949-09-05,17.2,False
1949-09-06,18.8,False
1949-09-07,17.6,False
1949-09-08,18.8,False
1949-09-09,15.5,False
1949-09-10,15.5,False
1949-09-11,15.5,False
1949-09-12,16.8,False
1949-09-13,11.4,False
1949-09-14,12.9,False
1949-09-15,16.2,False
1949-09-16,11.4,False
1949-09-17,13.7,False
1949-09-18,17.0,False
1949-09-19,16.8,False
1949-09-20,18.8,False
1949-09-21,19.4,False
1949-09-22,18.7,False
1949-09-23,12.3,False
1949-09-24,9.4,False
1949-09-25,14.2,False
1949-09-26,15.7,False
1949-09-27,17.0,False
1949-09-28,16.4,False
1949-09-29,19.2,False
1949-09-30,20.3,False
1950-09-01,12.7,False
1950-09-02,10.6,False
1950-09-03,14.5,False
1950-09-04,14.8,False
1950-09-05,16.4,False
1950-09-06,20.0,False
1950-09-07,18.7,False
1950-09-08,21.1,False
1950-09-09,19.1,False
1950-09-10,17.9,False
1950-09-11,14.4,False
1950-09-12,15.7,False
1950-09-13,19.1,False
1950-09-14,18.8,False
1950-09-15,14.9,False
1950-09-16,18.4,False
1950-09-17,19.9,False
1950-09-18,18.8,False
1950-09-19,11.7,False
1950-09-20,12.3,False
1950-09-21,15.7,False
1950-09-22,17.1,False
1950-09-23,19.4,False
1950-09-24,21.1,False
1950-09-25,13.8,False
1950-09-26,16.1,False
1950-09-27,16.8,False
1950-09-28,18.4,False
1950-09-29,22.7,False
1950-09-30,19.3,False
1951-09-01,13.9,False
1951-09-02,13.9,False
1951-09-03,17.7,False
1951-09-04,14.9,False
1951-09-05,8.6,False
1951-09-06,14.0,False
1951-09-07,14.9,False
1951-09-08,16.2,False
1951-09-09,17.9,False
1951-09-10,20.2,False
1951-09-11,20.9,False
1951-09-12,23.1,False
1951-09-13,21.2,False
1951-09-14,22.3,False
1951-09-15,22.9,False
1951-09-16,23.1,False
1951-09-17,23.7,False
1951-09-18,23.7,False
1951-09-19,18.4,False
1951-09-20,13.2,False
1951-09-21,14.8,False
1951-09-22,21.1,False
1951-09-23,14.9,False
1951-09-24,13.2,False
1951-09-25,11.9,False
1951-09-26,14.9,False
1951-09-27,17.7,False
1951-09-28,17.7,False
1951-09-29,15.2,False
1951-09-30,18.4,False
1952-09-01,15.9,False
1952-09-02,18.3,False
1952-09-03,13.3,False
1952-09-04,13.6,False
1952-09-05,11.4,False
1952-09-06,15.4,False
1952-09-07,13.7,False
1952-09-08,14.6,False
1952-09-09,9.7,False
1952-09-10,11.1,False
1952-09-11,14.4,False
1952-09-12,14.6,False
1952-09-13,15.7,False
1952-09-14,14.4,False
1952-09-15,17.1,False
1952-09-16,17.5,False
1952-09-17,10.2,False
1952-09-18,13.3,False
1952-09-19,15.4,False
1952-09-20,16.2,False
1952-09-21,20.2,False
1952-09-22,16.7,False
1952-09-23,12.6,False
1952-09-24,14.0,False
1952-09-25,14.9,False
1952-09-26,17.0,False
1952-09-27,20.5,False
1952-09-28,19.5,False
1952-09-29,21.1,False
1952-09-30,21.6,False
1953-09-01,15.1,False
1953-09-02,9.3,False
1953-09-03,10.8,False
1953-09-04,13.4,False
1953-09-05,13.7,False
1953-09-06,19.8,False
1953-09-07,19.4,False
1953-09-08,23.3,False
1953-09-09,21.1,False
1953-09-10,9.4,False
1953-09-11,13.9,False
1953-09-12,14.6,False
1953-09-13,16.4,False
1953-09-14,17.6,False
1953-09-15,19.4,False
1953-09-16,19.7,False
1953-09-17,16.0,False
1953-09-18,16.1,False
1953-09-19,15.2,False
1953-09-20,10.5,False
1953-09-21,11.5,False
1953-09-22,15.8,False
1953-09-23,16.9,False
1953-09-24,17.3,False
1953-09-25,13.7,False
1953-09-26,11.8,False
1953-09-27,14.7,False
1953-09-28,16.8,False
1953-09-29,15.7,False
1953-09-30,13.7,False
1954-09-01,18.3,False
1954-09-02,10.8,False
1954-09-03,11.6,False
1954-09-04,14.8,False
1954-09-05,13.9,False
1954-09-06,13.3,False
1954-09-07,12.9,False
1954-09-08,12.8,False
1954-09-09,14.4,False
1954-09-10,14.7,False
1954-09-11,15.5,False
1954-09-12,18.1,False
1954-09-13,16.7,False
1954-09-14,13.2,False
1954-09-15,16.2,False
1954-09-16,17.8,False
1954-09-17,20.1,False
1954-09-18,20.1,False
1954-09-19,14.9,False
1954-09-20,17.2,False
1954-09-21,15.7,False
1954-09-22,17.9,False
1954-09-23,20.7,False
1954-09-24,21.8,False
1954-09-25,14.3,False
1954-09-26,17.2,False
1954-09-27,19.0,False
1954-09-28,19.9,False
1954-09-29,19.3,False
1954-09-30,20.9,False
1955-09-01,16.6,False
1955-09-02,16.0,False
1955-09-03,14.6,False
1955-09-04,10.2,False
1955-09-05,11.9,False
1955-09-06,11.3,False
1955-09-07,13.7,False
1955-09-08,14.6,False
1955-09-09,13.9,False
1955-09-10,17.1,False
1955-09-11,18.2,False
1955-09-12,18.5,False
1955-09-13,17.1,False
1955-09-14,18.9,False
1955-09-15,20.1,False
1955-09-16,21.0,False
1955-09-17,12.9,False
1955-09-18,13.3,False
1955-09-19,17.6,False
1955-09-20,18.9,False
1955-09-21,21.6,False
1955-09-22,23.4,False
1955-09-23,15.9,False
1955-09-24,14.4,False
1955-09-25,12.3,False
1955-09-26,14.3,False
1955-09-27,19.1,False
1955-09-28,19.3,False
1955-09-29,21.1,False
1955-09-30,19.2,False
1956-09-01,16.1,False
1956-09-02,10.4,False
1956-09-03,13.1,False
1956-09-04,15.8,False
1956-09-05,15.6,False
1956-09-06,16.2,False
1956-09-07,13.0,False
1956-09-08,11.8,False
1956-09-09,12.9,False
1956-09-10,14.4,False
1956-09-11,14.9,False
1956-09-12,13.3,False
1956-09-13,14.9,False
1956-09-14,15.8,False
1956-09-15,15.5,False
1956-09-16,15.8,False
1956-09-17,16.8,False
1956-09-18,18.9,False
1956-09-19,16.3,False
1956-09-20,16.8,False
1956-09-21,9.8,False
1956-09-22,10.2,False
1956-09-23,12.9,False
1956-09-24,15.1,False
1956-09-25,19.4,False
1956-09-26,20.8,False
1956-09-27,20.4,False
1956-09-28,18.2,False
1956-09-29,14.8,False
1956-09-30,14.8,False
1957-09-01,11.0,False
1957-09-02,13.1,False
1957-09-03,14.2,False
1957-09-04,16.4,False
1957-09-05,17.2,False
1957-09-06,17.4,False
1957-09-07,10.9,False
1957-09-08,15.4,False
1957-09-09,17.3,False
1957-09-10,17.5,False
1957-09-11,17.1,False
1957-09-12,20.7,False
1957-09-13,20.9,False
1957-09-14,22.2,False
1957-09-15,10.9,False
1957-09-16,8.3,False
1957-09-17,11.0,False
1957-09-18,17.3,False
1957-09-19,16.7,False
1957-09-20,16.7,False
1957-09-21,20.8,False
1957-09-22,19.4,False
1957-09-23,20.2,False
1957-09-24,21.9,False
1957-09-25,13.6,False
1957-09-26,16.0,False
1957-09-27,15.3,False
1957-09-28,16.4,False
1957-09-29,16.9,False
1957-09-30,14.1,False
1958-09-01,12.8,False
1958-09-02,17.2,False
1958-09-03,12.0,False
1958-09-04,13.2,False
1958-09-05,16.0,False
1958-09-06,13.3,False
1958-09-07,14.2,False
1958-09-08,15.7,False
1958-09-09,16.7,False
1958-09-10,17.7,False
1958-09-11,11.7,False
1958-09-12,9.4,False
1958-09-13,13.9,False
1958-09-14,12.9,False
1958-09-15,13.7,False
1958-09-16,16.3,False
1958-09-17,17.8,False
1958-09-18,12.3,False
1958-09-19,13.5,False
1958-09-20,14.7,False
1958-09-21,10.5,False
1958-09-22,14.8,False
1958-09-23,16.3,False
1958-09-24,17.3,False
1958-09-25,18.6,False
1958-09-26,14.2,False
1958-09-27,16.8,False
1958-09-28,15.1,False
1958-09-29,17.0,False
1958-09-30,15.2,False
1959-09-01,13.9,False
1959-09-02,15.2,False
1959-09-03,13.2,False
1959-09-04,14.5,False
1959-09-05,16.8,False
1959-09-06,18.5,False
1959-09-07,17.6,False
1959-09-08,18.2,False
1959-09-09,16.3,False
1959-09-10,17.8,False
1959-09-11,18.3,False
1959-09-12,19.8,False
1959-09-13,19.3,False
1959-09-14,18.2,False
1959-09-15,17.2,False
1959-09-16,16.6,False
1959-09-17,14.4,False
1959-09-18,17.1,False
1959-09-19,12.2,False
1959-09-20,5.9,False
1959-09-21,15.1,False
1959-09-22,13.5,False
1959-09-23,14.1,False
1959-09-24,14.8,False
1959-09-25,15.6,False
1959-09-26,15.4,False
1959-09-27,16.6,False
1959-09-28,14.2,False
1959-09-29,12.1,False
1959-09-30,10.4,False
1960-09-01,16.0,False
1960-09-02,14.3,False
1960-09-03,11.8,False
1960-09-04,11.8,False
1960-09-05,12.9,False
1960-09-06,14.7,False
1960-09-07,20.6,False
1960-09-08,11.1,False
1960-09-09,14.9,False
1960-09-10,12.4,False
1960-09-11,14.6,False
1960-09-12,16.8,False
1960-09-13,14.6,False
1960-09-14,12.0,False
1960-09-15,15.6,False
1960-09-16,16.7,False
1960-09-17,14.5,False
1960-09-18,15.4,False
1960-09-19,13.8,False
1960-09-20,14.6,False
1960-09-21,17.2,False
1960-09-22,13.8,False
1960-09-23,20.2,False
1960-09-24,22.1,False
1960-09-25,9.3,False
1960-09-26,13.9,False
1960-09-27,16.7,False
1960-09-28,16.8,False
1960-09-29,17.6,False
1960-09-30,17.7,False
1961-09-01,13.7,False
1961-09-02,10.6,False
1961-09-03,14.6,False
1961-09-04,14.9,False
1961-09-05,14.4,False
1961-09-06,15.7,False
1961-09-07,15.7,False
1961-09-08,14.4,False
1961-09-09,14.4,False
1961-09-10,12.1,False
1961-09-11,12.1,False
1961-09-12,14.6,False
1961-09-13,16.2,False
1961-09-14,11.4,False
1961-09-15,13.5,False
1961-09-16,11.7,False
1961-09-17,15.0,False
1961-09-18,14.3,False
1961-09-19,14.6,False
1961-09-20,17.1,False
1961-09-21,17.2,False
1961-09-22,17.7,False
1961-09-23,18.7,False
1961-09-24,21.4,False
1961-09-25,22.3,False
1961-09-26,15.4,False
1961-09-27,18.0,False
1961-09-28,20.6,False
1961-09-29,25.9,False
1961-09-30,24.8,False
1962-09-01,13.8,False
1962-09-02,17.6,False
1962-09-03,20.0,False
1962-09-04,20.2,False
1962-09-05,18.3,False
1962-09-06,12.2,False
1962-09-07,13.1,False
1962-09-08,13.4,False
1962-09-09,16.7,False
1962-09-10,18.9,False
1962-09-11,18.9,False
1962-09-12,15.1,False
1962-09-13,15.0,False
1962-09-14,15.9,False
1962-09-15,11.6,False
1962-09-16,13.6,False
1962-09-17,17.1,False
1962-09-18,17.7,False
1962-09-19,18.4,False
1962-09-20,8.9,False
1962-09-21,13.6,False
1962-09-22,14.4,False
1962-09-23,17.9,False
1962-09-24,17.8,False
1962-09-25,17.4,False
1962-09-26,17.1,False
1962-09-27,19.1,False
1962-09-28,9.6,False
1962-09-29,10.7,False
1962-09-30,14.6,False
1963-09-01,12.2,False
1963-09-02,14.4,False
1963-09-03,15.3,False
1963-09-04,17.7,False
1963-09-05,11.7,False
1963-09-06,10.9,False
1963-09-07,13.4,False
1963-09-08,14.3,False
1963-09-09,14.6,False
1963-09-10,16.1,False
1963-09-11,17.8,False
1963-09-12,12.2,False
1963-09-13,11.1,False
1963-09-14,16.7,False
1963-09-15,19.8,False
1963-09-16,19.1,False
1963-09-17,16.1,False
1963-09-18,16.9,False
1963-09-19,20.2,False
1963-09-20,17.0,False
1963-09-21,19.8,False
1963-09-22,20.6,False
1963-09-23,11.6,False
1963-09-24,13.4,False
1963-09-25,13.3,False
1963-09-26,13.9,False
1963-09-27,17.0,False
1963-09-28,18.3,False
1963-09-29,18.8,False
1963-09-30,12.2,False
1964-09-01,15.3,False
1964-09-02,16.1,False
1964-09-03,19.5,False
1964-09-04,15.8,False
1964-09-05,16.2,False
1964-09-06,15.1,False
1964-09-07,10.2,False
1964-09-08,13.9,False
1964-09-09,16.3,False
1964-09-10,18.2,False
1964-09-11,14.8,False
1964-09-12,12.8,False
1964-09-13,12.4,False
1964-09-14,14.4,False
1964-09-15,17.2,False
1964-09-16,11.6,False
1964-09-17,11.2,False
1964-09-18,13.9,False
1964-09-19,15.2,False
1964-09-20,17.7,False
1964-09-21,17.8,False
1964-09-22,17.4,False
1964-09-23,11.9,False
1964-09-24,14.6,False
1964-09-25,17.1,False
1964-09-26,15.1,False
1964-09-27,16.1,False
1964-09-28,19.3,False
1964-09-29,14.7,False
1964-09-30,15.6,False
1965-09-01,19.1,False
1965-09-02,14.0,False
1965-09-03,12.6,False
1965-09-04,16.8,False
1965-09-05,17.7,False
1965-09-06,11.7,False
1965-09-07,11.9,False
1965-09-08,15.4,False
1965-09-09,10.4,False
1965-09-10,14.2,False
1965-09-11,18.1,False
1965-09-12,17.2,False
1965-09-13,16.7,False
1965-09-14,14.9,False
1965-09-15,17.5,False
1965-09-16,10.7,False
1965-09-17,11.5,False
1965-09-18,14.3,False
1965-09-19,16.7,False
1965-09-20,19.3,False
1965-09-21,21.2,False
1965-09-22,20.3,False
1965-09-23,24.8,False
1965-09-24,23.6,False
1965-09-25,26.8,False
1965-09-26,28.6,False
1965-09-27,24.6,False
1965-09-28,22.9,False
1965-09-29,22.6,False
1965-09-30,19.4,False
1966-09-01,15.6,False
1966-09-02,15.0,False
1966-09-03,13.4,False
1966-09-04,13.1,False
1966-09-05,12.9,False
1966-09-06,10.7,False
1966-09-07,10.9,False
1966-09-08,15.4,False
1966-09-09,15.0,False
1966-09-10,14.5,False
1966-09-11,16.7,False
1966-09-12,18.3,False
1966-09-13,14.3,False
1966-09-14,17.7,False
1966-09-15,17.4,False
1966-09-16,10.1,False
1966-09-17,11.7,False
1966-09-18,15.7,False
1966-09-19,15.7,False
1966-09-20,20.4,False
1966-09-21,11.0,False
1966-09-22,11.5,False
1966-09-23,14.6,False
1966-09-24,14.0,False
1966-09-25,11.8,False
1966-09-26,15.4,False
1966-09-27,16.5,False
1966-09-28,18.2,False
1966-09-29,19.6,False
1966-09-30,17.8,False
1967-09-01,11.7,False
1967-09-02,13.0,False
1967-09-03,14.4,False
1967-09-04,11.8,False
1967-09-05,9.8,False
1967-09-06,12.7,False
1967-09-07,12.4,False
1967-09-08,15.7,False
1967-09-09,16.3,False
1967-09-10,19.7,False
1967-09-11,15.5,False
1967-09-12,15.1,False
1967-09-13,15.6,False
1967-09-14,19.1,False
1967-09-15,10.1,False
1967-09-16,14.1,False
1967-09-17,14.3,False
1967-09-18,15.9,False
1967-09-19,12.8,False
1967-09-20,14.8,False
1967-09-21,16.1,False
1967-09-22,18.0,False
1967-09-23,20.9,False
1967-09-24,19.3,False
1967-09-25,22.8,False
1967-09-26,25.7,False
1967-09-27,17.7,False
1967-09-28,17.3,False
1967-09-29,20.2,False
1967-09-30,21.0,False
1968-09-01,13.4,False
1968-09-02,13.1,False
1968-09-03,13.8,False
1968-09-04,15.2,False
1968-09-05,15.3,False
1968-09-06,16.7,False
1968-09-07,11.2,False
1968-09-08,15.2,False
1968-09-09,14.2,False
1968-09-10,15.9,False
1968-09-11,16.3,False
1968-09-12,21.6,False
1968-09-13,17.1,False
1968-09-14,16.2,False
1968-09-15,16.1,False
1968-09-16,16.7,False
1968-09-17,17.7,False
1968-09-18,15.7,False
1968-09-19,18.3,False
1968-09-20,14.3,False
1968-09-21,12.4,False
1968-09-22,15.7,False
1968-09-23,17.8,False
1968-09-24,11.7,False
1968-09-25,11.6,False
1968-09-26,12.7,False
1968-09-27,14.0,False
1968-09-28,15.7,False
1968-09-29,18.4,False
1968-09-30,14.4,False
1969-09-01,19.8,False
1969-09-02,18.2,False
1969-09-03,17.3,False
1969-09-04,15.2,False
1969-09-05,15.7,False
1969-09-06,13.4,False
1969-09-07,11.2,False
1969-09-08,11.3,False
1969-09-09,14.0,False
1969-09-10,12.6,False
1969-09-11,8.9,False
1969-09-12,7.4,False
1969-09-13,7.4,False
1969-09-14,6.8,False
1969-09-15,10.8,False
1969-09-16,11.1,False
1969-09-17,12.2,False
1969-09-18,11.3,False
1969-09-19,13.4,False
1969-09-20,14.1,False
1969-09-21,13.1,False
1969-09-22,12.2,False
1969-09-23,10.4,False
1969-09-24,11.8,False
1969-09-25,13.9,False
1969-09-26,15.3,False
1969-09-27,17.7,False
1969-09-28,19.4,False
1969-09-29,17.2,False
1969-09-30,15.6,False
1970-09-01,13.2,False
1970-09-02,13.0,False
1970-09-03,13.7,False
1970-09-04,16.3,False
1970-09-05,15.0,False
1970-09-06,15.0,False
1970-09-07,17.0,False
1970-09-08,20.0,False
1970-09-09,13.9,False
1970-09-10,12.2,False
1970-09-11,12.4,False
1970-09-12,12.9,False
1970-09-13,11.1,False
1970-09-14,15.5,False
1970-09-15,12.3,False
1970-09-16,12.8,False
1970-09-17,13.2,False
1970-09-18,15.2,False
1970-09-19,12.2,False
1970-09-20,12.6,False
1970-09-21,13.7,False
1970-09-22,14.3,False
1970-09-23,14.7,False
1970-09-24,10.4,False
1970-09-25,9.9,False
1970-09-26,13.2,False
1970-09-27,10.3,False
1970-09-28,14.2,False
1970-09-29,14.3,False
1970-09-30,15.7,False
1971-09-01,12.6,False
1971-09-02,14.1,False
1971-09-03,14.9,False
1971-09-04,16.0,False
1971-09-05,15.7,False
1971-09-06,16.1,False
1971-09-07,14.3,False
1971-09-08,16.5,False
1971-09-09,20.9,False
1971-09-10,12.4,False
1971-09-11,12.8,False
1971-09-12,14.2,False
1971-09-13,16.7,False
1971-09-14,17.6,False
1971-09-15,16.5,False
1971-09-16,11.7,False
1971-09-17,15.8,False
1971-09-18,17.1,False
1971-09-19,21.2,False
1971-09-20,20.6,False
1971-09-21,12.6,False
1971-09-22,14.5,False
1971-09-23,18.6,False
1971-09-24,15.9,False
1971-09-25,17.3,False
1971-09-26,14.1,False
1971-09-27,13.3,False
1971-09-28,15.5,False
1971-09-29,20.0,False
1971-09-30,22.4,False
1972-09-01,20.0,False
1972-09-02,20.5,False
1972-09-03,20.7,False
1972-09-04,20.8,False
1972-09-05,22.2,False
1972-09-06,21.4,False
1972-09-07,16.5,False
1972-09-08,12.2,False
1972-09-09,16.3,False
1972-09-10,18.7,False
1972-09-11,20.6,False
1972-09-12,24.0,False
1972-09-13,11.0,False
1972-09-14,17.5,False
1972-09-15,17.8,False
1972-09-16,22.6,False
1972-09-17,24.1,False
1972-09-18,16.6,False
1972-09-19,18.5,False
1972-09-20,22.8,False
1972-09-21,22.8,False
1972-09-22,23.1,False
1972-09-23,21.0,False
1972-09-24,23.0,False
1972-09-25,22.6,False
1972-09-26,21.4,False
1972-09-27,20.4,False
1972-09-28,16.6,False
1972-09-29,15.7,False
1972-09-30,12.7,False
1973-09-01,15.6,False
1973-09-02,11.7,False
1973-09-03,12.4,False
1973-09-04,12.2,False
1973-09-05,10.0,False
1973-09-06,14.0,False
1973-09-07,16.9,False
1973-09-08,18.5,False
1973-09-09,16.1,False
1973-09-10,19.4,False
1973-09-11,20.5,False
1973-09-12,22.1,False
1973-09-13,16.5,False
1973-09-14,14.9,False
1973-09-15,14.0,False
1973-09-16,15.4,False
1973-09-17,16.9,False
1973-09-18,16.8,False
1973-09-19,17.3,False
1973-09-20,14.3,False
1973-09-21,16.1,False
1973-09-22,17.3,False
1973-09-23,13.5,False
1973-09-24,19.1,False
1973-09-25,17.0,False
1973-09-26,18.1,False
1973-09-27,19.6,False
1973-09-28,20.6,False
1973-09-29,23.5,False
1973-09-30,25.7,False
1974-09-01,9.0,False
1974-09-02,14.7,False
1974-09-03,15.2,False
1974-09-04,14.5,False
1974-09-05,12.6,False
1974-09-06,13.6,False
1974-09-07,13.9,False
1974-09-08,16.2,False
1974-09-09,15.5,False
1974-09-10,13.6,False
1974-09-11,17.5,False
1974-09-12,18.5,False
1974-09-13,16.2,False
1974-09-14,9.7,False
1974-09-15,11.6,False
1974-09-16,14.0,False
1974-09-17,14.6,False
1974-09-18,15.6,False
1974-09-19,14.6,False
1974-09-20,12.4,False
1974-09-21,14.1,False
1974-09-22,13.7,False
1974-09-23,13.4,False
1974-09-24,10.5,False
1974-09-25,14.1,False
1974-09-26,10.0,False
1974-09-27,13.4,False
1974-09-28,14.5,False
1974-09-29,19.0,False
1974-09-30,14.4,False
1975-09-01,15.8,False
1975-09-02,15.5,False
1975-09-03,11.6,False
1975-09-04,9.5,False
1975-09-05,10.7,False
1975-09-06,14.1,False
1975-09-07,15.1,False
1975-09-08,15.9,False
1975-09-09,18.4,False
1975-09-10,19.7,False
1975-09-11,20.7,False
1975-09-12,21.5,False
1975-09-13,15.0,False
1975-09-14,19.6,False
1975-09-15,15.6,False
1975-09-16,16.6,False
1975-09-17,21.5,False
1975-09-18,19.8,False
1975-09-19,14.0,False
1975-09-20,15.7,False
1975-09-21,15.5,False
1975-09-22,21.0,False
1975-09-23,15.5,False
1975-09-24,13.4,False
1975-09-25,14.5,False
1975-09-26,15.7,False
1975-09-27,17.6,False
1975-09-28,19.5,False
1975-09-29,15.4,False
1975-09-30,18.0,False
1976-09-01,11.6,False
1976-09-02,15.5,False
1976-09-03,17.1,False
1976-09-04,14.6,False
1976-09-05,12.8,False
1976-09-06,15.9,False
1976-09-07,16.3,False
1976-09-08,15.7,False
1976-09-09,8.9,False
1976-09-10,11.8,False
1976-09-11,11.4,False
1976-09-12,13.3,False
1976-09-13,13.7,False
1976-09-14,14.6,False
1976-09-15,15.6,False
1976-09-16,16.6,False
1976-09-17,17.8,False
1976-09-18,18.2,False
1976-09-19,18.8,False
1976-09-20,20.6,False
1976-09-21,13.8,False
1976-09-22,13.4,False
1976-09-23,15.1,False
1976-09-24,12.5,False
1976-09-25,14.4,False
1976-09-26,15.2,False
1976-09-27,17.9,False
1976-09-28,19.7,False
1976-09-29,19.7,False
1976-09-30,21.4,False
1977-09-01,11.0,False
1977-09-02,9.4,False
1977-09-03,12.9,False
1977-09-04,10.4,False
1977-09-05,11.6,False
1977-09-06,12.2,False
1977-09-07,11.3,False
1977-09-08,14.0,False
1977-09-09,14.7,False
1977-09-10,10.5,False
1977-09-11,14.2,False
1977-09-12,15.0,False
1977-09-13,9.5,False
1977-09-14,12.7,False
1977-09-15,13.4,False
1977-09-16,14.4,False
1977-09-17,14.3,False
1977-09-18,16.8,False
1977-09-19,14.7,False
1977-09-20,16.2,False
1977-09-21,18.4,False
1977-09-22,20.3,False
1977-09-23,21.9,False
1977-09-24,14.3,False
1977-09-25,15.6,False
1977-09-26,22.2,False
1977-09-27,19.8,False
1977-09-28,20.7,False
1977-09-29,24.5,False
1977-09-30,19.8,False
1978-09-01,15.7,False
1978-09-02,16.7,False
1978-09-03,13.4,False
1978-09-04,13.2,False
1978-09-05,13.8,False
1978-09-06,15.6,False
1978-09-07,10.6,False
1978-09-08,12.2,False
1978-09-09,13.0,False
1978-09-10,14.6,False
1978-09-11,17.4,False
1978-09-12,16.7,False
1978-09-13,8.6,False
1978-09-14,10.3,False
1978-09-15,13.6,False
1978-09-16,14.3,False
1978-09-17,16.1,False
1978-09-18,12.7,False
1978-09-19,13.6,False
1978-09-20,14.0,False
1978-09-21,14.4,False
1978-09-22,12.7,False
1978-09-23,15.9,False
1978-09-24,15.8,False
1978-09-25,15.5,False
1978-09-26,17.2,False
1978-09-27,17.0,False
1978-09-28,17.7,False
1978-09-29,16.0,False
1978-09-30,17.2,False
1979-09-01,11.7,False
1979-09-02,14.3,False
1979-09-03,11.3,False
1979-09-04,17.2,False
1979-09-05,9.9,False
1979-09-06,13.7,False
1979-09-07,12.5,False
1979-09-08,14.1,False
1979-09-09,19.2,False
1979-09-10,19.0,False
1979-09-11,14.8,False
1979-09-12,13.7,False
1979-09-13,14.7,False
1979-09-14,14.6,False
1979-09-15,18.5,False
1979-09-16,19.7,False
1979-09-17,17.6,False
1979-09-18,15.4,False
1979-09-19,14.2,False
1979-09-20,16.8,False
1979-09-21,16.3,False
1979-09-22,16.3,False
1979-09-23,16.4,False
1979-09-24,12.4,False
1979-09-25,16.3,False
1979-09-26,22.7,False
1979-09-27,18.6,False
1979-09-28,18.0,False
1979-09-29,16.5,False
1979-09-30,15.6,False
1980-09-01,13.3,False
1980-09-02,13.2,False
1980-09-03,14.1,False
1980-09-04,17.5,False
1980-09-05,19.6,False
1980-09-06,17.5,False
1980-09-07,20.6,False
1980-09-08,22.0,False
1980-09-09,10.8,False
1980-09-10,14.1,False
1980-09-11,17.6,False
1980-09-12,16.4,False
1980-09-13,14.1,False
1980-09-14,16.2,False
1980-09-15,11.9,False
1980-09-16,15.6,False
1980-09-17,18.5,False
1980-09-18,12.2,False
1980-09-19,13.3,False
1980-09-20,16.2,False
1980-09-21,15.3,False
1980-09-22,21.5,False
1980-09-23,21.8,False
1980-09-24,23.3,False
1980-09-25,24.7,False
1980-09-26,17.8,False
1980-09-27,18.7,False
1980-09-28,20.7,False
1980-09-29,24.3,False
1980-09-30,28.0,False
1981-09-01,13.3,False
1981-09-02,14.9,False
1981-09-03,13.7,False
1981-09-04,14.3,False
1981-09-05,14.7,False
1981-09-06,15.1,False
1981-09-07,17.9,False
1981-09-08,19.1,False
1981-09-09,22.7,False
1981-09-10,21.6,False
1981-09-11,24.0,False
1981-09-12,16.8,False
1981-09-13,19.4,False
1981-09-14,18.6,False
1981-09-15,20.2,False
1981-09-16,21.5,False
1981-09-17,26.7,False
1981-09-18,26.9,False
1981-09-19,23.0,False
1981-09-20,18.3,False
1981-09-21,20.6,False
1981-09-22,19.0,False
1981-09-23,15.2,False
1981-09-24,12.2,False
1981-09-25,14.6,False
1981-09-26,12.1,False
1981-09-27,10.8,False
1981-09-28,14.6,False
1981-09-29,17.3,False
1981-09-30,19.1,False
1982-09-01,18.9,False
1982-09-02,24.3,False
1982-09-03,17.2,False
1982-09-04,14.9,False
1982-09-05,17.1,False
1982-09-06,16.8,False
1982-09-07,14.4,False
1982-09-08,16.5,False
1982-09-09,11.0,False
1982-09-10,12.8,False
1982-09-11,14.8,False
1982-09-12,16.5,False
1982-09-13,18.5,False
1982-09-14,18.4,False
1982-09-15,18.6,False
1982-09-16,21.7,False
1982-09-17,17.9,False
1982-09-18,16.6,False
1982-09-19,15.3,False
1982-09-20,12.2,False
1982-09-21,13.3,False
1982-09-22,13.9,False
1982-09-23,17.5,False
1982-09-24,20.4,False
1982-09-25,21.5,False
1982-09-26,20.4,False
1982-09-27,13.3,False
1982-09-28,16.4,False
1982-09-29,10.9,False
1982-09-30,11.6,False
1983-09-01,16.3,False
1983-09-02,15.7,False
1983-09-03,16.2,False
1983-09-04,13.4,False
1983-09-05,13.5,False
1983-09-06,16.4,False
1983-09-07,14.8,False
1983-09-08,14.0,False
1983-09-09,14.7,False
1983-09-10,12.4,False
1983-09-11,13.4,False
1983-09-12,10.7,False
1983-09-13,13.6,False
1983-09-14,17.3,False
1983-09-15,10.6,False
1983-09-16,13.9,False
1983-09-17,14.6,False
1983-09-18,15.8,False
1983-09-19,16.8,False
1983-09-20,16.8,False
1983-09-21,14.4,False
1983-09-22,16.1,False
1983-09-23,21.3,False
1983-09-24,15.5,False
1983-09-25,15.5,False
1983-09-26,17.2,False
1983-09-27,19.4,False
1983-09-28,17.3,False
1983-09-29,20.5,False
1983-09-30,19.0,False
1984-09-01,16.6,False
1984-09-02,14.1,False
1984-09-03,16.7,False
1984-09-04,18.4,False
1984-09-05,9.2,False
1984-09-06,13.0,False
1984-09-07,16.0,False
1984-09-08,14.8,False
1984-09-09,18.1,False
1984-09-10,18.0,False
1984-09-11,13.7,False
1984-09-12,12.4,False
1984-09-13,15.3,False
1984-09-14,14.4,False
1984-09-15,14.8,False
1984-09-16,15.2,False
1984-09-17,14.2,False
1984-09-18,12.6,False
1984-09-19,13.3,False
1984-09-20,15.4,False
1984-09-21,14.5,False
1984-09-22,13.0,False
1984-09-23,13.0,False
1984-09-24,12.0,False
1984-09-25,12.7,False
1984-09-26,14.6,False
1984-09-27,14.8,False
1984-09-28,14.3,False
1984-09-29,11.8,False
1984-09-30,15.0,False
1985-09-01,14.4,False
1985-09-02,12.9,False
1985-09-03,13.4,False
1985-09-04,14.6,False
1985-09-05,15.8,False
1985-09-06,16.1,False
1985-09-07,15.7,False
1985-09-08,17.0,False
1985-09-09,17.4,False
1985-09-10,16.6,False
1985-09-11,16.5,False
1985-09-12,15.5,False
1985-09-13,13.5,False
1985-09-14,16.4,False
1985-09-15,17.8,False
1985-09-16,15.1,False
1985-09-17,17.6,False
1985-09-18,18.6,False
1985-09-19,9.4,False
1985-09-20,9.5,False
1985-09-21,14.8,False
1985-09-22,16.8,False
1985-09-23,18.6,False
1985-09-24,21.4,False
1985-09-25,18.9,False
1985-09-26,13.3,False
1985-09-27,14.0,False
1985-09-28,15.2,False
1985-09-29,15.4,False
1985-09-30,16.9,False
1986-09-01,15.3,False
1986-09-02,16.9,False
1986-09-03,15.2,False
1986-09-04,18.0,False
1986-09-05,18.5,False
1986-09-06,12.9,False
1986-09-07,13.0,False
1986-09-08,15.9,False
1986-09-09,15.5,False
1986-09-10,15.1,False
1986-09-11,16.3,False
1986-09-12,16.0,False
1986-09-13,15.0,False
1986-09-14,15.0,False
1986-09-15,14.4,False
1986-09-16,11.8,False
1986-09-17,11.5,False
1986-09-18,14.9,False
1986-09-19,13.0,False
1986-09-20,14.5,False
1986-09-21,17.8,False
1986-09-22,15.6,False
1986-09-23,14.2,False
1986-09-24,18.6,False
1986-09-25,18.7,False
1986-09-26,21.0,False
1986-09-27,22.9,False
1986-09-28,12.2,False
1986-09-29,15.2,False
1986-09-30,18.0,False
1987-09-01,10.6,False
1987-09-02,10.0,False
1987-09-03,11.4,False
1987-09-04,12.8,False
1987-09-05,15.3,False
1987-09-06,10.2,False
1987-09-07,13.2,False
1987-09-08,12.3,False
1987-09-09,14.7,False
1987-09-10,11.7,False
1987-09-11,16.1,False
1987-09-12,15.8,False
1987-09-13,15.4,False
1987-09-14,18.8,False
1987-09-15,17.7,False
1987-09-16,17.3,False
1987-09-17,17.4,False
1987-09-18,20.8,False
1987-09-19,21.6,False
1987-09-20,21.2,False
1987-09-21,20.3,False
1987-09-22,23.0,False
1987-09-23,22.5,False
1987-09-24,24.6,False
1987-09-25,26.2,False
1987-09-26,26.6,False
1987-09-27,25.0,False
1987-09-28,25.8,False
1987-09-29,21.2,False
1987-09-30,15.0,False
1988-09-01,18.0,False
1988-09-02,14.2,False
1988-09-03,14.0,False
1988-09-04,16.8,False
1988-09-05,15.7,False
1988-09-06,16.4,False
1988-09-07,16.4,False
1988-09-08,16.5,False
1988-09-09,18.5,False
1988-09-10,19.3,False
1988-09-11,17.4,False
1988-09-12,13.4,False
1988-09-13,12.3,False
1988-09-14,14.8,False
1988-09-15,14.0,False
1988-09-16,16.0,False
1988-09-17,15.6,False
1988-09-18,11.9,False
1988-09-19,12.9,False
1988-09-20,14.8,False
1988-09-21,16.7,False
1988-09-22,20.1,False
1988-09-23,19.9,False
1988-09-24,18.4,False
1988-09-25,16.9,False
1988-09-26,19.3,False
1988-09-27,18.3,False
1988-09-28,17.5,False
1988-09-29,18.6,False
1988-09-30,17.2,False
1989-09-01,12.0,False
1989-09-02,15.4,False
1989-09-03,17.1,False
1989-09-04,15.0,False
1989-09-05,16.8,False
1989-09-06,18.0,False
1989-09-07,16.5,False
1989-09-08,16.3,False
1989-09-09,19.8,False
1989-09-10,20.2,False
1989-09-11,14.2,False
1989-09-12,11.2,False
1989-09-13,11.5,False
1989-09-14,10.4,False
1989-09-15,14.0,False
1989-09-16,15.3,False
1989-09-17,14.1,False
1989-09-18,16.2,False
1989-09-19,15.2,False
1989-09-20,15.4,False
1989-09-21,15.7,False
1989-09-22,19.3,False
1989-09-23,15.8,False
1989-09-24,18.3,False
1989-09-25,19.4,False
1989-09-26,13.4,False
1989-09-27,16.2,False
1989-09-28,20.6,False
1989-09-29,22.4,False
1989-09-30,22.6,False
1990-09-01,15.2,False
1990-09-02,12.8,False
1990-09-03,11.0,False
1990-09-04,11.8,False
1990-09-05,14.7,False
1990-09-06,14.5,False
1990-09-07,14.3,False
1990-09-08,12.7,False
1990-09-09,13.5,False
1990-09-10,16.2,False
1990-09-11,17.2,False
1990-09-12,15.5,False
1990-09-13,10.0,False
1990-09-14,12.6,False
1990-09-15,13.0,False
1990-09-16,13.3,False
1990-09-17,14.5,False
1990-09-18,16.0,False
1990-09-19,17.8,False
1990-09-20,16.0,False
1990-09-21,16.0,False
1990-09-22,16.8,False
1990-09-23,19.0,False
1990-09-24,20.3,False
1990-09-25,23.5,False
1990-09-26,17.7,False
1990-09-27,15.6,False
1990-09-28,17.7,False
1990-09-29,14.4,False
1990-09-30,14.7,False
1991-09-01,11.3,False
1991-09-02,12.8,False
1991-09-03,16.0,False
1991-09-04,17.1,False
1991-09-05,19.4,False
1991-09-06,19.6,False
1991-09-07,19.6,False
1991-09-08,17.2,False
1991-09-09,17.6,False
1991-09-10,10.9,False
1991-09-11,11.1,False
1991-09-12,11.2,False
1991-09-13,11.8,False
1991-09-14,15.0,False
1991-09-15,18.4,False
1991-09-16,15.4,False
1991-09-17,10.4,False
1991-09-18,13.1,False
1991-09-19,11.0,False
1991-09-20,11.1,False
1991-09-21,12.7,False
1991-09-22,14.3,False
1991-09-23,14.6,False
1991-09-24,17.7,False
1991-09-25,20.2,False
1991-09-26,12.5,False
1991-09-27,16.5,False
1991-09-28,16.4,False
1991-09-29,17.6,False
1991-09-30,18.6,False
1992-09-01,14.4,False
1992-09-02,14.6,False
1992-09-03,13.7,False
1992-09-04,13.2,False
1992-09-05,14.0,False
1992-09-06,14.5,False
1992-09-07,14.5,False
1992-09-08,12.7,False
1992-09-09,11.7,False
1992-09-10,12.9,False
1992-09-11,16.6,False
1992-09-12,9.6,False
1992-09-13,10.2,False
1992-09-14,14.6,False
1992-09-15,12.7,False
1992-09-16,10.8,False
1992-09-17,16.5,False
1992-09-18,14.4,False
1992-09-19,12.5,False
1992-09-20,14.1,False
1992-09-21,14.2,False
1992-09-22,14.7,False
1992-09-23,19.5,False
1992-09-24,16.2,False
1992-09-25,14.9,False
1992-09-26,14.0,False
1992-09-27,15.6,False
1992-09-28,15.8,False
1992-09-29,11.3,False
1992-09-30,14.0,False
1993-09-01,22.5,False
1993-09-02,12.2,False
1993-09-03,13.8,False
1993-09-04,13.0,False
1993-09-05,14.6,False
1993-09-06,15.7,False
1993-09-07,14.8,False
1993-09-08,19.5,False
1993-09-09,12.0,False
1993-09-10,15.7,False
1993-09-11,12.8,False
1993-09-12,13.4,False
1993-09-13,12.0,False
1993-09-14,14.1,False
1993-09-15,12.7,False
1993-09-16,16.2,False
1993-09-17,14.7,False
1993-09-18,16.9,False
1993-09-19,15.4,False
1993-09-20,13.2,False
1993-09-21,13.5,False
1993-09-22,16.3,False
1993-09-23,17.7,False
1993-09-24,18.2,False
1993-09-25,18.9,False
1993-09-26,18.9,False
1993-09-27,20.4,False
1993-09-28,20.6,False
1993-09-29,20.8,False
1993-09-30,22.9,False
1994-09-01,21.5,False
1994-09-02,22.0,False
1994-09-03,23.0,False
1994-09-04,23.4,False
1994-09-05,16.0,False
1994-09-06,13.8,False
1994-09-07,13.0,False
1994-09-08,15.3,False
1994-09-09,16.0,False
1994-09-10,18.0,False
1994-09-11,19.9,False
1994-09-12,22.5,False
1994-09-13,16.6,False
1994-09-14,17.6,False
1994-09-15,17.9,False
1994-09-16,14.7,False
1994-09-17,16.2,False
1994-09-18,16.8,False
1994-09-19,11.1,False
1994-09-20,11.6,False
1994-09-21,12.8,False
1994-09-22,16.7,False
1994-09-23,19.9,False
1994-09-24,16.1,False
1994-09-25,15.6,False
1994-09-26,16.5,False
1994-09-27,10.5,False
1994-09-28,14.6,False
1994-09-29,16.3,False
1994-09-30,15.6,False
1995-09-01,14.0,False
1995-09-02,13.6,False
1995-09-03,15.0,False
1995-09-04,15.7,False
1995-09-05,11.6,False
1995-09-06,10.1,False
1995-09-07,12.0,False
1995-09-08,11.9,False
1995-09-09,16.0,False
1995-09-10,16.6,False
1995-09-11,16.7,False
1995-09-12,16.8,False
1995-09-13,18.8,False
1995-09-14,20.6,False
1995-09-15,21.4,False
1995-09-16,15.2,False
1995-09-17,17.2,False
1995-09-18,15.3,False
1995-09-19,18.9,False
1995-09-20,21.3,False
1995-09-21,15.3,False
1995-09-22,17.2,False
1995-09-23,18.3,False
1995-09-24,16.6,False
1995-09-25,11.7,False
1995-09-26,13.9,False
1995-09-27,16.2,False
1995-09-28,18.7,False
1995-09-29,14.5,False
1995-09-30,20.2,False
1996-09-01,15.5,False
1996-09-02,13.3,False
1996-09-03,14.1,False
1996-09-04,13.5,False
1996-09-05,13.3,False
1996-09-06,13.7,False
1996-09-07,15.4,False
1996-09-08,15.5,False
1996-09-09,14.4,False
1996-09-10,14.9,False
1996-09-11,15.9,False
1996-09-12,13.6,False
1996-09-13,9.6,False
1996-09-14,14.0,False
1996-09-15,19.1,False
1996-09-16,22.2,False
1996-09-17,21.4,False
1996-09-18,23.6,False
1996-09-19,23.2,False
1996-09-20,14.2,False
1996-09-21,12.9,False
1996-09-22,13.6,False
1996-09-23,18.4,False
1996-09-24,18.7,False
1996-09-25,16.4,False
1996-09-26,18.2,False
1996-09-27,16.2,False
1996-09-28,18.0,False
1996-09-29,18.0,False
1996-09-30,12.7,False
1997-09-01,16.0,False
1997-09-02,14.5,False
1997-09-03,14.5,False
1997-09-04,15.0,False
1997-09-05,16.0,False
1997-09-06,14.9,False
1997-09-07,15.4,False
1997-09-08,12.2,False
1997-09-09,17.3,False
1997-09-10,16.6,False
1997-09-11,17.7,False
1997-09-12,17.7,False
1997-09-13,17.9,False
1997-09-14,17.4,False
1997-09-15,17.3,False
1997-09-16,17.3,False
1997-09-17,14.8,False
1997-09-18,14.1,False
1997-09-19,12.6,False
1997-09-20,15.8,False
1997-09-21,15.3,False
1997-09-22,15.3,False
1997-09-23,14.2,False
1997-09-24,12.9,False
1997-09-25,15.5,False
1997-09-26,18.3,False
1997-09-27,19.5,False
1997-09-28,15.8,False
1997-09-29,15.5,False
1997-09-30,18.3,False
1998-09-01,17.5,False
1998-09-02,18.6,False
1998-09-03,19.9,False
1998-09-04,16.9,False
1998-09-05,15.6,False
1998-09-06,13.6,False
1998-09-07,15.1,False
1998-09-08,16.7,False
1998-09-09,17.3,False
1998-09-10,17.1,False
1998-09-11,18.2,False
1998-09-12,16.8,False
1998-09-13,15.3,False
1998-09-14,13.8,False
1998-09-15,10.8,False
1998-09-16,11.1,False
1998-09-17,15.1,False
1998-09-18,16.5,False
1998-09-19,21.1,False
1998-09-20,18.5,False
1998-09-21,14.4,False
1998-09-22,20.3,False
1998-09-23,16.5,False
1998-09-24,15.4,False
1998-09-25,15.7,False
1998-09-26,16.6,False
1998-09-27,20.5,False
1998-09-28,20.8,False
1998-09-29,23.1,False
1998-09-30,25.5,False
1999-09-01,21.4,False
1999-09-02,17.3,False
1999-09-03,20.3,False
1999-09-04,19.3,False
1999-09-05,13.0,False
1999-09-06,13.9,False
1999-09-07,15.4,False
1999-09-08,15.6,False
1999-09-09,16.0,False
1999-09-10,15.3,False
1999-09-11,14.3,False
1999-09-12,16.6,False
1999-09-13,17.5,False
1999-09-14,18.0,False
1999-09-15,21.8,False
1999-09-16,16.7,False
1999-09-17,12.5,False
1999-09-18,12.2,False
1999-09-19,14.1,False
1999-09-20,16.0,False
1999-09-21,17.9,False
1999-09-22,19.9,False
1999-09-23,22.1,False
1999-09-24,23.7,False
1999-09-25,22.0,False
1999-09-26,19.0,False
1999-09-27,17.4,False
1999-09-28,20.2,False
1999-09-29,21.8,False
1999-09-30,18.0,False
2000-09-01,13.7,False
2000-09-02,15.4,False
2000-09-03,15.0,False
2000-09-04,13.6,False
2000-09-05,14.5,False
2000-09-06,12.8,False
2000-09-07,11.4,False
2000-09-08,12.5,False
2000-09-09,14.7,False
2000-09-10,15.1,False
2000-09-11,13.8,False
2000-09-12,14.4,False
2000-09-13,17.9,False
2000-09-14,19.3,False
2000-09-15,19.3,False
2000-09-16,20.5,False
2000-09-17,22.8,False
2000-09-18,19.3,False
2000-09-19,19.4,False
2000-09-20,22.0,False
2000-09-21,23.7,False
2000-09-22,22.3,False
2000-09-23,20.0,False
2000-09-24,22.0,False
2000-09-25,11.3,False
2000-09-26,12.5,False
2000-09-27,20.7,False
2000-09-28,22.6,False
2000-09-29,23.7,False
2000-09-30,18.7,False
2001-09-01,11.7,False
2001-09-02,13.5,False
2001-09-03,19.2,False
2001-09-04,15.6,False
2001-09-05,15.2,False
2001-09-06,16.5,False
2001-09-07,16.1,False
2001-09-08,13.6,False
2001-09-09,17.9,False
2001-09-10,18.1,False
2001-09-11,18.6,False
2001-09-12,12.8,False
2001-09-13,18.5,False
2001-09-14,16.6,False
2001-09-15,18.9,False
2001-09-16,20.3,False
2001-09-17,19.9,False
2001-09-18,21.3,False
2001-09-19,22.7,False
2001-09-20,22.7,False
2001-09-21,21.7,False
2001-09-22,24.0,False
2001-09-23,21.6,False
2001-09-24,23.1,False
2001-09-25,18.7,False
2001-09-26,15.9,False
2001-09-27,17.4,False
2001-09-28,19.8,False
2001-09-29,21.8,False
2001-09-30,24.6,False
2002-09-01,18.0,False
2002-09-02,19.1,False
2002-09-03,16.8,False
2002-09-04,19.2,False
2002-09-05,18.8,False
2002-09-06,19.1,False
2002-09-07,16.4,False
2002-09-08,14.5,False
2002-09-09,14.2,False
2002-09-10,13.1,False
2002-09-11,15.7,False
2002-09-12,16.1,False
2002-09-13,19.1,False
2002-09-14,20.9,False
2002-09-15,22.0,False
2002-09-16,20.5,False
2002-09-17,11.1,False
2002-09-18,13.1,False
2002-09-19,12.5,False
2002-09-20,15.9,False
2002-09-21,21.1,False
2002-09-22,22.4,False
2002-09-23,22.9,False
2002-09-24,22.6,False
2002-09-25,19.7,False
2002-09-26,19.4,False
2002-09-27,19.1,False
2002-09-28,15.3,False
2002-09-29,15.0,False
2002-09-30,16.1,False
2003-09-01,13.0,False
2003-09-02,13.6,False
2003-09-03,17.2,False
2003-09-04,18.0,False
2003-09-05,17.4,False
2003-09-06,14.6,False
2003-09-07,16.6,False
2003-09-08,15.0,False
2003-09-09,14.6,False
2003-09-10,18.7,False
2003-09-11,18.7,False
2003-09-12,18.9,False
2003-09-13,14.2,False
2003-09-14,10.5,False
2003-09-15,10.8,False
2003-09-16,12.4,False
2003-09-17,14.0,False
2003-09-18,16.0,False
2003-09-19,19.1,False
2003-09-20,17.5,False
2003-09-21,22.4,False
2003-09-22,24.3,False
2003-09-23,20.5,False
2003-09-24,16.0,False
2003-09-25,20.4,False
2003-09-26,16.3,False
2003-09-27,11.6,False
2003-09-28,13.0,False
2003-09-29,14.0,False
2003-09-30,15.9,False
2004-09-01,14.9,False
2004-09-02,14.0,False
2004-09-03,12.5,False
2004-09-04,12.3,False
2004-09-05,13.1,False
2004-09-06,12.5,False
2004-09-07,15.5,False
2004-09-08,16.4,False
2004-09-09,15.5,False
2004-09-10,15.1,False
2004-09-11,12.9,False
2004-09-12,12.9,False
2004-09-13,15.0,False
2004-09-14,16.1,False
2004-09-15,15.8,False
2004-09-16,17.3,False
2004-09-17,17.7,False
2004-09-18,19.1,False
2004-09-19,18.8,False
2004-09-20,17.6,False
2004-09-21,22.1,False
2004-09-22,20.8,False
2004-09-23,20.2,False
2004-09-24,18.7,False
2004-09-25,18.5,False
2004-09-26,21.6,False
2004-09-27,22.2,False
2004-09-28,22.9,False
2004-09-29,23.5,False
2004-09-30,18.8,False
2005-09-01,15.0,False
2005-09-02,13.9,False
2005-09-03,13.1,False
2005-09-04,14.9,False
2005-09-05,15.6,False
2005-09-06,16.3,False
2005-09-07,18.2,False
2005-09-08,21.3,False
2005-09-09,20.3,False
2005-09-10,20.0,False
2005-09-11,14.7,False
2005-09-12,10.6,False
2005-09-13,13.2,False
2005-09-14,15.0,False
2005-09-15,16.2,False
2005-09-16,11.5,False
2005-09-17,12.0,False
2005-09-18,15.3,False
2005-09-19,14.6,False
2005-09-20,15.8,False
2005-09-21,18.0,False
2005-09-22,19.6,False
2005-09-23,22.9,False
2005-09-24,21.6,False
2005-09-25,17.3,False
2005-09-26,15.9,False
2005-09-27,18.7,False
2005-09-28,19.5,False
2005-09-29,11.9,False
2005-09-30,16.2,False
2006-09-01,20.7,False
2006-09-02,22.5,False
2006-09-03,20.2,False
2006-09-04,15.9,False
2006-09-05,15.7,False
2006-09-06,11.2,False
2006-09-07,14.3,False
2006-09-08,15.4,False
2006-09-09,13.8,False
2006-09-10,13.4,False
2006-09-11,15.8,False
2006-09-12,18.9,False
2006-09-13,19.7,False
2006-09-14,20.0,False
2006-09-15,21.6,False
2006-09-16,21.7,False
2006-09-17,22.4,False
2006-09-18,24.5,False
2006-09-19,25.0,False
2006-09-20,19.3,False
2006-09-21,20.2,False
2006-09-22,23.9,False
2006-09-23,21.5,False
2006-09-24,22.3,False
2006-09-25,15.0,False
2006-09-26,19.0,False
2006-09-27,22.1,False
2006-09-28,23.5,False
2006-09-29,22.5,False
2006-09-30,20.3,False
2007-09-01,17.1,False
2007-09-02,17.3,False
2007-09-03,18.2,False
2007-09-04,12.9,False
2007-09-05,12.7,False
2007-09-06,14.4,False
2007-09-07,13.2,False
2007-09-08,13.2,False
2007-09-09,16.1,False
2007-09-10,15.9,False
2007-09-11,14.4,False
2007-09-12,16.8,False
2007-09-13,18.5,False
2007-09-14,18.8,False
2007-09-15,15.6,False
2007-09-16,17.5,False
2007-09-17,14.4,False
2007-09-18,18.8,False
2007-09-19,20.8,False
2007-09-20,16.9,False
2007-09-21,17.8,False
2007-09-22,17.0,False
2007-09-23,17.8,False
2007-09-24,22.1,False
2007-09-25,20.8,False
2007-09-26,20.3,False
2007-09-27,20.9,False
2007-09-28,20.3,False
2007-09-29,14.4,False
2007-09-30,17.6,False
2008-09-01,14.8,False
2008-09-02,16.7,False
2008-09-03,12.1,False
2008-09-04,11.3,False
2008-09-05,12.4,False
2008-09-06,16.1,False
2008-09-07,16.7,False
2008-09-08,15.5,False
2008-09-09,14.7,False
2008-09-10,15.2,False
2008-09-11,16.6,False
2008-09-12,21.6,False
2008-09-13,25.5,False
2008-09-14,19.4,False
2008-09-15,19.7,False
2008-09-16,13.2,False
2008-09-17,14.1,False
2008-09-18,18.0,False
2008-09-19,23.3,False
2008-09-20,23.8,False
2008-09-21,19.8,False
2008-09-22,22.5,False
2008-09-23,16.6,False
2008-09-24,17.3,False
2008-09-25,19.0,False
2008-09-26,21.4,False
2008-09-27,25.9,False
2008-09-28,24.5,False
2008-09-29,19.2,False
2008-09-30,17.8,False
2009-09-01,15.3,False
2009-09-02,16.3,False
2009-09-03,17.6,False
2009-09-04,18.9,False
2009-09-05,15.8,False
2009-09-06,16.1,False
2009-09-07,12.0,False
2009-09-08,14.9,False
2009-09-09,13.7,False
2009-09-10,14.4,False
2009-09-11,17.6,False
2009-09-12,22.4,False
2009-09-13,25.2,False
2009-09-14,19.6,False
2009-09-15,19.1,False
2009-09-16,23.6,False
2009-09-17,23.4,False
2009-09-18,20.4,False
2009-09-19,19.9,False
2009-09-20,22.6,False
2009-09-21,20.4,False
2009-09-22,21.2,False
2009-09-23,14.4,False
2009-09-24,16.1,False
2009-09-25,19.8,False
2009-09-26,10.6,False
2009-09-27,9.2,False
2009-09-28,14.7,False
2009-09-29,15.7,False
2009-09-30,19.3,False
2010-09-01,19.0,False
2010-09-02,16.1,False
2010-09-03,12.8,False
2010-09-04,15.7,False
2010-09-05,12.4,False
2010-09-06,13.5,False
2010-09-07,13.6,False
2010-09-08,14.2,False
2010-09-09,15.5,False
2010-09-10,16.0,False
2010-09-11,16.6,False
2010-09-12,15.2,False
2010-09-13,17.8,False
2010-09-14,15.0,False
2010-09-15,15.2,False
2010-09-16,13.7,False
2010-09-17,14.3,False
2010-09-18,14.2,False
2010-09-19,16.8,False
2010-09-20,18.9,False
2010-09-21,21.2,False
2010-09-22,18.0,False
2010-09-23,18.1,False
2010-09-24,19.8,False
2010-09-25,17.7,False
2010-09-26,20.5,False
2010-09-27,20.7,False
2010-09-28,16.9,False
2010-09-29,13.8,False
2010-09-30,14.8,False
2011-09-01,19.2,False
2011-09-02,16.1,False
2011-09-03,19.0,False
2011-09-04,20.0,False
2011-09-05,20.0,False
2011-09-06,17.8,False
2011-09-07,14.3,False
2011-09-08,16.3,False
2011-09-09,14.4,False
2011-09-10,14.0,False
2011-09-11,14.8,False
2011-09-12,15.0,False
2011-09-13,14.8,False
2011-09-14,20.6,False
2011-09-15,17.7,False
2011-09-16,22.7,False
2011-09-17,24.1,False
2011-09-18,25.8,False
2011-09-19,27.1,False
2011-09-20,16.6,False
2011-09-21,19.6,False
2011-09-22,22.0,False
2011-09-23,25.3,False
2011-09-24,15.1,False
2011-09-25,13.9,False
2011-09-26,17.3,False
2011-09-27,20.1,False
2011-09-28,15.1,False
2011-09-29,12.6,False
2011-09-30,13.6,False
2012-09-01,14.5,False
2012-09-02,16.8,False
2012-09-03,20.1,False
2012-09-04,20.7,False
2012-09-05,22.7,False
2012-09-06,17.1,False
2012-09-07,11.3,False
2012-09-08,14.5,False
2012-09-09,18.3,False
2012-09-10,19.6,False
2012-09-11,18.5,False
2012-09-12,20.3,False
2012-09-13,13.8,False
2012-09-14,15.2,False
2012-09-15,17.6,False
2012-09-16,18.2,False
2012-09-17,17.5,False
2012-09-18,19.9,False
2012-09-19,18.1,False
2012-09-20,20.5,False
2012-09-21,19.6,False
2012-09-22,20.2,False
2012-09-23,22.3,False
2012-09-24,16.4,False
2012-09-25,18.3,False
2012-09-26,20.3,False
2012-09-27,23.3,False
2012-09-28,18.0,False
2012-09-29,12.4,False
2012-09-30,13.9,False
2013-09-01,21.8,False
2013-09-02,25.2,False
2013-09-03,24.1,False
2013-09-04,21.7,False
2013-09-05,22.1,False
2013-09-06,22.6,False
2013-09-07,24.2,False
2013-09-08,20.4,False
2013-09-09,23.3,False
2013-09-10,20.4,False
2013-09-11,16.4,False
2013-09-12,17.5,False
2013-09-13,14.9,False
2013-09-14,18.2,False
2013-09-15,19.0,False
2013-09-16,13.6,False
2013-09-17,13.8,False
2013-09-18,18.3,False
2013-09-19,13.8,False
2013-09-20,14.8,False
2013-09-21,18.2,False
2013-09-22,18.1,False
2013-09-23,23.4,False
2013-09-24,23.3,False
2013-09-25,24.9,False
2013-09-26,19.3,False
2013-09-27,19.3,False
2013-09-28,18.6,False
2013-09-29,20.9,False
2013-09-30,24.2,False
2014-09-01,18.9,False
2014-09-02,11.9,False
2014-09-03,13.6,False
2014-09-04,14.2,False
2014-09-05,15.1,False
2014-09-06,14.6,False
2014-09-07,17.7,False
2014-09-08,19.0,False
2014-09-09,18.3,False
2014-09-10,17.7,False
2014-09-11,17.4,False
2014-09-12,15.4,False
2014-09-13,17.0,False
2014-09-14,18.7,False
2014-09-15,19.2,False
2014-09-16,18.0,False
2014-09-17,15.2,False
2014-09-18,13.9,False
2014-09-19,16.1,False
2014-09-20,18.3,False
2014-09-21,17.9,False
2014-09-22,20.1,False
2014-09-23,22.2,False
2014-09-24,19.9,False
2014-09-25,19.2,False
2014-09-26,18.2,False
2014-09-27,18.2,False
2014-09-28,22.2,False
2014-09-29,24.1,False
2014-09-30,24.0,False
2015-09-01,14.2,False
2015-09-02,16.8,False
2015-09-03,12.9,False
2015-09-04,16.7,False
2015-09-05,16.9,False
2015-09-06,14.8,False
2015-09-07,13.9,False
2015-09-08,13.1,False
2015-09-09,16.1,False
2015-09-10,17.0,False
2015-09-11,18.9,False
2015-09-12,21.4,False
2015-09-13,21.7,False
2015-09-14,22.4,False
2015-09-15,18.7,False
2015-09-16,17.5,False
2015-09-17,17.3,False
2015-09-18,16.8,False
2015-09-19,15.5,False
2015-09-20,19.6,False
2015-09-21,20.7,False
2015-09-22,15.2,False
2015-09-23,13.7,False
2015-09-24,12.8,False
2015-09-25,14.9,False
2015-09-26,17.6,False
2015-09-27,20.0,False
2015-09-28,20.4,False
2015-09-29,22.1,False
2015-09-30,21.3,False
2016-09-01,16.7,False
2016-09-02,10.5,False
2016-09-03,14.6,False
2016-09-04,13.9,False
2016-09-05,16.4,False
2016-09-06,19.4,False
2016-09-07,19.1,False
2016-09-08,20.0,False
2016-09-09,17.4,False
2016-09-10,14.3,False
2016-09-11,15.7,False
2016-09-12,16.6,False
2016-09-13,17.5,False
2016-09-14,18.3,False
2016-09-15,12.9,False
2016-09-16,15.7,False
2016-09-17,17.0,False
2016-09-18,13.1,False
2016-09-19,14.6,False
2016-09-20,14.5,False
2016-09-21,11.7,False
2016-09-22,14.9,False
2016-09-23,18.2,False
2016-09-24,19.2,False
2016-09-25,18.3,False
2016-09-26,15.3,False
2016-09-27,14.3,False
2016-09-28,16.9,False
2016-09-29,14.7,False
2016-09-30,12.1,False
2017-09-01,15.0,False
2017-09-02,18.0,False
2017-09-03,23.5,False
2017-09-04,12.8,False
2017-09-05,9.6,False
2017-09-06,10.0,False
2017-09-07,13.0,False
2017-09-08,13.8,False
2017-09-09,14.7,False
2017-09-10,16.9,False
2017-09-11,19.9,False
2017-09-12,23.8,False
2017-09-13,22.5,False
2017-09-14,12.4,False
2017-09-15,13.6,False
2017-09-16,14.9,False
2017-09-17,16.7,False
2017-09-18,20.1,False
2017-09-19,14.9,False
2017-09-20,18.2,False
2017-09-21,22.6,False
2017-09-22,25.2,False
2017-09-23,30.2,False
2017-09-24,21.4,False
2017-09-25,17.5,False
2017-09-26,19.4,False
2017-09-27,24.3,False
2017-09-28,20.3,False
2017-09-29,19.5,False
2017-09-30,17.9,False
2018-09-01,15.0,False
2018-09-02,13.7,False
2018-09-03,13.9,False
2018-09-04,13.9,False
2018-09-05,16.8,False
2018-09-06,14.4,False
2018-09-07,18.6,False
2018-09-08,13.4,False
2018-09-09,16.8,False
2018-09-10,19.7,False
2018-09-11,21.4,False
2018-09-12,21.8,False
2018-09-13,20.6,False
2018-09-14,20.4,False
2018-09-15,22.2,False
2018-09-16,13.7,False
2018-09-17,15.1,False
2018-09-18,20.4,False
2018-09-19,18.4,False
2018-09-20,17.5,False
2018-09-21,19.4,False
2018-09-22,21.5,False
2018-09-23,22.2,False
2018-09-24,15.9,False
2018-09-25,17.4,False
2018-09-26,15.3,False
2018-09-27,20.3,False
2018-09-28,24.7,False
2018-09-29,15.8,False
2018-09-30,18.8,False
2019-09-01,19.8,False
2019-09-02,19.0,False
2019-09-03,21.7,False
2019-09-04,22.2,False
2019-09-05,21.2,False
2019-09-06,20.1,False
2019-09-07,11.8,False
2019-09-08,13.4,False
2019-09-09,14.1,False
2019-09-10,16.3,False
2019-09-11,19.4,False
2019-09-12,19.2,False
2019-09-13,22.3,False
2019-09-14,21.8,False
2019-09-15,24.0,False
2019-09-16,24.7,False
2019-09-17,11.3,False
2019-09-18,15.9,False
2019-09-19,20.1,False
2019-09-20,23.3,False
2019-09-21,18.7,False
2019-09-22,17.2,False
2019-09-23,13.6,False
2019-09-24,16.9,False
2019-09-25,17.9,False
2019-09-26,18.2,False
2019-09-27,20.8,False
2019-09-28,18.1,False
2019-09-29,20.2,False
2019-09-30,19.7,False
2020-09-01,14.8,False
2020-09-02,18.0,False
2020-09-03,20.2,False
2020-09-04,18.8,False
2020-09-05,17.3,False
2020-09-06,17.6,False
2020-09-07,20.3,False
2020-09-08,22.0,False
2020-09-09,11.8,False
2020-09-10,14.6,False
2020-09-11,17.8,False
2020-09-12,19.3,False
2020-09-13,15.8,False
2020-09-14,20.1,False
2020-09-15,20.5,False
2020-09-16,21.0,False
2020-09-17,23.1,False
2020-09-18,16.8,False
2020-09-19,22.1,False
2020-09-20,17.8,False
2020-09-21,23.8,False
2020-09-22,18.3,False
2020-09-23,14.6,False
2020-09-24,13.1,False
2020-09-25,11.3,False
2020-09-26,10.5,False
2020-09-27,14.5,False
2020-09-28,16.7,False
2020-09-29,18.0,False
2020-09-30,17.1,False
2021-09-01,22.7,False
2021-09-02,22.7,False
2021-09-03,21.5,False
2021-09-04,12.8,False
2021-09-05,11.2,False
2021-09-06,15.8,False
2021-09-07,18.8,False
2021-09-08,16.6,False
2021-09-09,19.9,False
2021-09-10,21.1,False
2021-09-11,22.5,False
2021-09-12,17.7,False
2021-09-13,11.6,False
2021-09-14,14.3,False
2021-09-15,15.7,False
2021-09-16,16.1,False
2021-09-17,18.5,False
2021-09-18,17.6,False
2021-09-19,15.5,False
2021-09-20,16.7,False
2021-09-21,13.9,False
2021-09-22,16.8,False
2021-09-23,19.5,False
2021-09-24,20.0,False
2021-09-25,15.3,False
2021-09-26,14.3,False
2021-09-27,17.3,False
2021-09-28,20.3,False
2021-09-29,14.1,False
2021-09-30,17.9,False
2022-09-01,17.8,False
2022-09-02,14.6,False
2022-09-03,14.1,False
2022-09-04,14.6,False
2022-09-05,14.8,False
2022-09-06,15.4,False
2022-09-07,16.7,False
2022-09-08,17.1,False
2022-09-09,14.5,False
2022-09-10,18.2,False
2022-09-11,15.1,False
2022-09-13,14.7,False
2022-09-14,15.3,False
2022-09-15,13.2,False
2022-09-16,17.3,False
2022-09-17,13.7,False
2022-09-18,14.5,False
2022-09-19,15.0,False
2022-09-20,18.6,False
2022-09-21,17.9,False
2022-09-22,17.1,False
2022-09-23,19.9,False
2022-09-24,17.9,False
2022-09-25,16.8,False
2022-09-26,19.0,False
2022-09-27,18.0,False
2022-09-28,14.2,False
2022-09-29,17.6,False
2022-09-30,17.5,False
2023-09-01,15.4,False
2023-09-02,16.5,False
2023-09-03,18.4,False
2023-09-04,22.4,False
2023-09-05,16.5,False
2023-09-06,17.8,False
2023-09-07,23.7,False
2023-09-08,11.4,False
2023-09-09,12.5,False
2023-09-10,15.3,False
2023-09-11,17.8,False
2023-09-12,18.7,False
2023-09-13,21.0,True
2023-09-14,25.4,True
2023-09-15,24.3,True
2023-09-16,24.7,True
2023-09-17,25.1,True
2023-09-18,28.0,True
2023-09-19,27.3,True
